[
  {
    "signatures": [
      {
        "signature": "sha256:d5448c9f42a2d62ecde991da3eae923e50d1b9f004b5aec6ed297b7140a77297",
        "filename": "forestry-3.5.6.15.jar"
      },
      {
        "signature": "sha256:b09b1d2e5633d9b075c85369a128421b123c8fe2ac3cd37a1843dc5c979b0e71",
        "filename": "notenoughcodecs-0.3-snapshot-11.jar"
      },
      {
        "signature": "sha256:9dc3e321976e65b4cb2fe8c476e5547b0c677ec646d0c49ac6d8557a52fb8249",
        "filename": "advanced-machines-59.0.2.jar"
      },
      {
        "signature": "sha256:c5f93519168f95e78bceaafbc8cd5a9a083e0d70d5ece07289f32941a6295017",
        "filename": "natura-2.2.0.1.jar"
      },
      {
        "signature": "sha256:534313028fe05f39cffee217f385e222cf17ed258a95292d25982248f20d0193",
        "filename": "fastcraft-1.21.jar"
      },
      {
        "signature": "sha256:8e667743494f0828b64bc07e8ba3052244ef9f16553a88935c7331bee9417550",
        "filename": "projectred-integration-4.6.1.80.jar"
      },
      {
        "signature": "sha256:76905f92f829a960500ebe038924290e2757930102963920a3a347922c3402cf",
        "filename": "opis-1.2.5.jar"
      },
      {
        "signature": "sha256:776baa68d1783f03902703fbd6367ec705592543dc132281c74830b02f0098fd",
        "filename": "pneumaticcraft-1.6.9.73.jar"
      },
      {
        "signature": "sha256:1733aa799020701f7675016fadb8ea2eeb59961533f1ad19b0f46e4053cf2d5d",
        "filename": "metallurgy-4.0.6.80.jar"
      },
      {
        "signature": "sha256:741cf706b370de5c039c431733dff5fee0280f3d3f39d00601a3d170bbba992e",
        "filename": "pamsclayspawn-1.7.2a.zip"
      },
      {
        "signature": "sha256:c5e7c29bd9bec8f606ba6fa224ef0285e3c6fa24770c0b5116e15086cac0eef3",
        "filename": "mantle-0.3.2.jar"
      },
      {
        "signature": "sha256:d66784c42bd94867fbc990e212d5c334ae2439d6b7e9a856196b348b6591cee2",
        "filename": "hats-4.0.1.jar"
      },
      {
        "signature": "sha256:6895ef5ebe6f50bc5e114a843583aea725321d86f46adea39561e73774fade94",
        "filename": "aroma1997core-1.0.2.13.jar"
      },
      {
        "signature": "sha256:abd967fb5a11e9af0a5320be398656868b334a15101788130d84d30a2703341e",
        "filename": "ic2nuclearcontrol-2.0.8c.jar"
      },
      {
        "signature": "sha256:68c331f624cea6c0827a31e96a6dce2e75461227c42da70f11ba765a8c6a8cec",
        "filename": "witchery-0.24.1.jar"
      },
      {
        "signature": "sha256:b54753c17f9816cdd165415f2d2b1cdcda9efff0d55bdcc7ef59e1c99a1d0fec",
        "filename": "projectred-world-4.6.1.80.jar"
      },
      {
        "signature": "sha256:e579cd7714f6fd67024c1b45dcc32654838dfb57efb7394d1d73891c61a73721",
        "filename": "nomorerecipeconflict-0.2.jar"
      },
      {
        "signature": "sha256:e332375d206242bafc6f7935417f551879b41e58c693077fc3acbf9676872848",
        "filename": "chisel2-2.2.1.jar"
      },
      {
        "signature": "sha256:a114cd3b5fac50f31e43189546a50e390027e5ef770d81427b9fd5ebdbafdf72",
        "filename": "thermalexpansion-4.0.1.182.jar"
      },
      {
        "signature": "sha256:ea78fbc26bc2ae6114b8045c3bc34a389e51a7add3433b47abbc25301a5adffd",
        "filename": "enderio-2.2.8.381.jar"
      },
      {
        "signature": "sha256:d725e8600879defd415474dbf7276a88bfc10fa3373d613a5b4c7ed264d4b0a6",
        "filename": "slick-util-1.jar"
      },
      {
        "signature": "sha256:9e0b19e0afd1520b6fefb198adae854eb7fbf50fc8ce2271cafdd31f880d7f02",
        "filename": "buildcraftadditions-2.1.4.jar"
      },
      {
        "signature": "sha256:de1825ac57edc1ba31f1104e7b8ae0681a0410c2ca61095b6b4a22ec3a95cae3",
        "filename": "tictooltips-1.2.4.jar"
      },
      {
        "signature": "sha256:8bb480ee6f4fbd84348405755e2203b3a3eba5f6c912f3ab063596bb0c04f62e",
        "filename": "tmechworks-0.2.10.jar"
      },
      {
        "signature": "sha256:d9c3609317bd1e9809d2e7830e863a0c7a50d0831b78333273a2c980d5e64fc6",
        "filename": "translocator-1.1.1.14.jar"
      },
      {
        "signature": "sha256:221893681d03781a1691308efe07847f323e5a0e735995c2f6b5a17f40b413fd",
        "filename": "neiaddons-1.12.8.30.jar"
      },
      {
        "signature": "sha256:d66851394ccb3458246f8375f2153b548f12b40980c11d73c3f1a416e73906a2",
        "filename": "inventorytweaks-1.58.147.jar"
      },
      {
        "signature": "sha256:bfb3d413e67222c146a82e0e53a96024424c50a543655bbe0e4395a16046b4ff",
        "filename": "bibliowoodsnatura-1.5.jar"
      },
      {
        "signature": "sha256:8f7e1489353f07063ad23b827c39a1e74ce8c1da80be37f9cccaa8d181ffa4aa",
        "filename": "extrautilities-1.2.5.jar"
      },
      {
        "signature": "sha256:3a4c71f4f91984f8749353d18b1daacf3d1cd7aa87ac378b2d7aaac7535e8ddd",
        "filename": "projectred-mechanical-4.6.1.80.jar"
      },
      {
        "signature": "sha256:3561c13b3e7eb180c06c6bfda1a94a7e783ff88ebceda5a4849f7396bd2116e3",
        "filename": "projecte-1.4.7.jar"
      },
      {
        "signature": "sha256:a300fcf2c43ab26eb1eb380a13efdcc6c1c46f0a502da219a4b58337df52ef7b",
        "filename": "ironchest-6.0.62.742.jar"
      },
      {
        "signature": "sha256:a59a4003f162c10058206f0fd5ec05e4d1030e8fbda230f6f0b42db703c16371",
        "filename": "stevescarts2-b18.jar"
      },
      {
        "signature": "sha256:476998388952a1335249dc8d4709989c082cfc8899a0c781b11efaecf732029b",
        "filename": "projectred-base-4.6.1.80.jar"
      },
      {
        "signature": "sha256:660d0e7e4aad60f5a3cb6e6b7b99e63a4bd7de925921b6292aa62e62f21028ab",
        "filename": "directionhud-1.24.jar"
      },
      {
        "signature": "sha256:c0dafe3ac28f31265c02b6975b8f31f6981c42902cd8d7eb32b5414012027dbe",
        "filename": "stevesfactorymanager-A93.jar"
      },
      {
        "signature": "sha256:d64560120f070b86caf95a9fdeb470abd26076fe0a433239edda100a79662606",
        "filename": "archimedesships-1.7.1.jar"
      },
      {
        "signature": "sha256:d5c8842f9332d49d18d7d6f6b7b395d106fce08b2aec0ad5133c618463fba21b",
        "filename": "forbiddenmagic-0.562.jar"
      },
      {
        "signature": "sha256:2ccb4d6cf908c50b7b1984dcbdded597903169fabd572fdf6895100f89d8cdc5",
        "filename": "neiintegration-1.0.9.jar"
      },
      {
        "signature": "sha256:1558db586bc210104a1fcd4166818120471cd04413c3d349fa0853f97da79968",
        "filename": "morpheus-1.6.4.jar"
      },
      {
        "signature": "sha256:85faa2ce2e0108883c8ea717f7c2c626fd5c84a63294b7695167e34cabb6f48c",
        "filename": "backtools-4.0.0.jar"
      },
      {
        "signature": "sha256:68f9d5fa65b966469d6d030a2f525d958d43cfd250b2ed9f6b1bff244c96117a",
        "filename": "mystcraft-0.11.10.00.jar"
      },
      {
        "signature": "sha256:7aeb6d77a24c96a05324ba22c34b5a682d468daf8adf3c8540136b417f4727f1",
        "filename": "thaumictinkerer-2.5.164.jar"
      },
      {
        "signature": "sha256:4401d5c1f3e803a820a6a0a25b2bbd634e58a5c10a98afc206a81e1d8bfc25f8",
        "filename": "morph-0.9.1.jar"
      },
      {
        "signature": "sha256:f1771b83f19a344f0e7025b2c51437203d7d0a200279ab0d6e12be40124ed612",
        "filename": "vorbis-java-core-0.8-20150201.161816-1.jar"
      },
      {
        "signature": "sha256:f052bebd676b76d7803184166ddfe49cacd0a3b9834d5149de9509575b70b111",
        "filename": "thaumicexploration-1.1.34.jar"
      },
      {
        "signature": "sha256:656267cc5c84631f000d4a8b1f3a92efb91d87cedd783a1c3ca14bef724e7a02",
        "filename": "CodeChickenLib-1.7.10-1.1.3.136-universal.jar"
      },
      {
        "signature": "sha256:c00fa1f72440f8ec8f893790f64c9cd1e93dd5f09672f19b5dc8fcfdbfbeab20",
        "filename": "bibliowoodsforestry-1.7.jar"
      },
      {
        "signature": "sha256:65b8b50d8e7201f920faa6bfb9edbe106c36630a09a50696fe52ed3fdcfd5cc2",
        "filename": "veinminer-0.27.1.jar"
      },
      {
        "signature": "sha256:6b1ade3a21b29bf1f5ed385734735f0f4e998f7f00ea398462aa2644686b7b1b",
        "filename": "buildcraft-6.4.16.jar"
      },
      {
        "signature": "sha256:df0648753fd3dec907d05bbf6818145c511e8fe2f188cb4054e04898b91ddee8",
        "filename": "pamssimplerecipes-1.7.2a.zip"
      },
      {
        "signature": "sha256:9fd158b30d8efe4ec32563cb7102c864928afcfe7b71ef2a0ce343e4f987cf88",
        "filename": "bettertitlescreen-1.1.jar"
      },
      {
        "signature": "sha256:7c3b02c40ccc07de16b442314c3ce1e793abebbc639a921f4c9b4d087cc33692",
        "filename": "forge-1.7.10-10.13.3.1408-1.7.10-universal.jar"
      },
      {
        "signature": "sha256:388e44ae199bd3efb39ed23578f45d00c1e5b490c7ca8d7bc5234671328a5cb5",
        "filename": "enderzoo-1.0.11.28.jar"
      },
      {
        "signature": "sha256:8fc6177bc6d9757df16b84853268f6b8981bde2d0123b4106b8849c09fde7839",
        "filename": "projectred-lighting-4.6.1.80.jar"
      },
      {
        "signature": "sha256:3536696a4ec1c9552d2118be33a328df8d3034d0dd67439f55a26d6a660059d7",
        "filename": "resonant-engine-3.3.0.393.jar"
      },
      {
        "signature": "sha256:f7cd78f9ad90cc311af1d36eff6b34d828092a34aa1c89564a46323d8b20d948",
        "filename": "simplyjetpacks-1.5.1.jar"
      },
      {
        "signature": "sha256:914dab886336ed539e3b615b3c2a1a895f80655a47e355800619e61be62ab079",
        "filename": "openperipheral-aio-4.jar"
      },
      {
        "signature": "sha256:e146afa8d859febbf6ee6fb81db0d6602407f10f8c6a2bf095979f88aac7c7b7",
        "filename": "aobd-2.6.2.jar"
      },
      {
        "signature": "sha256:7bdf5210ae0f2fa3536bc5c04bb510238946c2a7f2b8a2c2d18d2271056393eb",
        "filename": "openblocks-1.4.3.jar"
      },
      {
        "signature": "sha256:7751eb688c04b78182317d27241009d938d6ebe15633c430e955a9bd1e19e429",
        "filename": "versionchecker-1.1.8.jar"
      },
      {
        "signature": "sha256:7135209ae9d41c778590bb77800d6596f438780b6e90f2eed7c31696063a53c0",
        "filename": "liquidxp-59.0.0.jar"
      },
      {
        "signature": "sha256:527e39b2b9ff5351cb17635bd1d0bfce0527fe0828b6074b8d680e73d87c6fbd",
        "filename": "wrcbe-1.4.1.9.jar"
      },
      {
        "signature": "sha256:d6cf5a6ead61ec49cafc81d071434ec64573faa8a780fd7211af79f1e8d9f835",
        "filename": "immibis-core-59.1.1.jar"
      },
      {
        "signature": "sha256:69475fa652992066d3a5a3fdf2e7706f7ecee99e0fbcf54c367d4b5f883d7e25",
        "filename": "railcraft-9.6.1.0.jar"
      },
      {
        "signature": "sha256:b87e38bd244491fc46d34d5338145e54a25b21309d311111476e8117bb1a8de4",
        "filename": "infinitubes-59.0.3.jar"
      },
      {
        "signature": "sha256:4bf193e3b9a91bceef65e82f6a27ee5c050d29552ef7e1606f222a79571fc44e",
        "filename": "chickenchunks-1.3.4.19.jar"
      },
      {
        "signature": "sha256:86e15c88e8f6f8fa0be278f3c6d13cbdd0a1bb4270b21d06c4362a53f78a6612",
        "filename": "bibliocraft-1.10.4.jar"
      },
      {
        "signature": "sha256:35e007551dc19dbcded8a0476e0cff20d34b42f4b71273772ac1b8382dd245c2",
        "filename": "ichunutil-4.2.2.jar"
      },
      {
        "signature": "sha256:32b61ab5db735d01b112585fd0db7b5968ce2f34a8654d7de5c6a49165bed73a",
        "filename": "denseores-1.5.jar"
      },
      {
        "signature": "sha256:05ae8f11b8f9012ebebbf179227b010829739c6284e30da5dd3db220ee682f8a",
        "filename": "Baubles-1.7.10-1.0.1.10.jar"
      },
      {
        "signature": "sha256:ee7840eb553b850bdb32ed5be6194936f02f2cb2c9b915e4996312ec4a812588",
        "filename": "EJML-core-0.26.jar"
      },
      {
        "signature": "sha256:cc72f38535b8a41c39a631da4bc05ca338fb3c9f96700b9194a6a31741bd9bc2",
        "filename": "hatstand-4.0.0.jar"
      },
      {
        "signature": "sha256:997747c91a691f143ac7a6ccf978eb07ffc4f8a9c4b42c8bec9d363506006cd4",
        "filename": "Eureka-1.7.10-3.0.2.jar"
      },
      {
        "signature": "sha256:f44ba00f9ab5f399a534784b054d42228812fa48d413314cdc3680c642c9f16b",
        "filename": "enderstorage-1.4.7.36.jar"
      },
      {
        "signature": "sha256:2412799f9426ec73d95e2fcb40a93a355afe1a47462c57bea74556a9a4374b34",
        "filename": "immibis-peripherals-59.0.2.jar"
      },
      {
        "signature": "sha256:3126bd1fb8a22e52078b16d984fd9ffdace5ce7da916cf2ce64e798641bc02d6",
        "filename": "cofhcore-3.0.2.262.jar"
      },
      {
        "signature": "sha256:699cc5740e31bf67b0ed12a840f7687c02e0a41cb1928c172343690107e72d31",
        "filename": "openmodslib-0.7.3.jar"
      },
      {
        "signature": "sha256:f1771b83f19a344f0e7025b2c51437203d7d0a200279ab0d6e12be40124ed612",
        "filename": "vorbis-java-core-0.8-20150201.161816-1.jar"
      },
      {
        "signature": "sha256:26e99ec3bd61d4d7e1deb3d255c6e39c7d3febebcaa6caebdaf052c6fae2104c",
        "filename": "tubestuff-59.0.1.jar"
      },
      {
        "signature": "sha256:44423d7c43bde9274e1dbc1b00d6bd14ec7cb2572326eeefa9c6dd6fab47930b",
        "filename": "waila-1.5.10.jar"
      },
      {
        "signature": "sha256:547eec9048f84dfa42938962497427f4da5f9054122a6f301bd17d58ab364732",
        "filename": "botania-1.6.190.jar"
      },
      {
        "signature": "sha256:a985c0712e195bef958d94fb74e3f5132398caa46a1b727faeda9baad6ab8784",
        "filename": "twilightforest-2.3.7.jar"
      },
      {
        "signature": "sha256:b316d93f50e87551a7e29d1267dd3bd41e5eb40cb8381d5ae004d746a6a850fe",
        "filename": "pamsharvestcraft-1.7.10h.jar"
      },
      {
        "signature": "sha256:a4f5b92687b741d4ac3474b7ed7027fab6db3bde55abf417f0b23f32aac72603",
        "filename": "biomesoplenty-2.1.0.1034.jar"
      },
      {
        "signature": "sha256:44206475f3f8bdf65de285c88f2d8e1e09db358f8b3aa027a186e12792a03e98",
        "filename": "redstonearsenal-1.1.0RC1-19.jar"
      },
      {
        "signature": "sha256:664e4e72dd046fb87400a5f357e5d46c409b812cbb73f237cdb337fd9c13a132",
        "filename": "notenoughitems-1.0.4.107.jar"
      },
      {
        "signature": "sha256:cf9e8e2ee6d66db00411cee923238b98ec67c377e4daf056953757034f6fe4e2",
        "filename": "journeymap5.0.1.jar"
      },
      {
        "signature": "sha256:9d22a1b958cdf8f09fb8eeb0654c085abb7deea4c1a2405177bd50bb9a3e4820",
        "filename": "armorstatushud-1.28.jar"
      },
      {
        "signature": "sha256:b1aaa95fe8454fa3fff3dd86be00a834c747d657579cdc6686efc853e061d611",
        "filename": "bloodmagic-1.3.0a.1.jar"
      },
      {
        "signature": "sha256:d9531a52ee8c926da3dba2380de068a91c227f23e527d022eba46eb4a175b3e2",
        "filename": "tconstruct-1.8.5.jar"
      },
      {
        "signature": "sha256:1d438b10a9b986c05a13824d1e2290bcb2b0c2a190fc34254262921843930316",
        "filename": "starminer-0.9.7.jar"
      },
      {
        "signature": "sha256:9bb96584505aae1c16ce93f61ca68ee75bc7d59543ea9f13c221ff9305fc6f68",
        "filename": "mobiuscore-1.2.5.jar"
      },
      {
        "signature": "sha256:898656c11dd01574ce9ed211643700446756dbc222116928b9e13090720024a6",
        "filename": "modularpowersuits-0.11.0.181.jar"
      },
      {
        "signature": "sha256:24bd4dad587d9863451805a42cd8882a0837792e5529982acf67e02d00aea6b4",
        "filename": "numina-0.4.0.101.jar"
      },
      {
        "signature": "sha256:452c6277f50d8dff91fee60591f694404932376f910e4c31da61c0e3c321b90c",
        "filename": "enetbridge-1.4.jar"
      },
      {
        "signature": "sha256:56d83821f7733f17b966024b8ce1e2dff652e5f40f170cbb83e8989ea0827d37",
        "filename": "wailaharvestability-1.1.2.jar"
      },
      {
        "signature": "sha256:16258f059e80e06de21d3a06fd552711e517d6eb9bd2f9496a5bc00f0822111b",
        "filename": "codechickencore-1.0.6.44.jar"
      },
      {
        "signature": "sha256:b8e02b860c86cce3b4efac4c447a3bb99eb2f3f16f4f0b5ec4dcd1fbd5e3c83f",
        "filename": "ForgeMultipart-1.7.10-1.2.0.344-universal.jar"
      },
      {
        "signature": "sha256:3dba9786966974701578a658d1bb369bf35bdf5f363079f5ac9c4910a39113be",
        "filename": "thaumcraft-4.2.3.5.jar"
      },
      {
        "signature": "sha256:133c2ae334381fe46914f0b6b432ed254f6f953fe60db8b28f790d69386fb1a1",
        "filename": "igwmod-1.1.1-17.jar"
      },
      {
        "signature": "sha256:838798efd7d1355054b5caac17f390a405b153c1598e18b342a24f72877cdfe2",
        "filename": "bibliowoodsbiomesoplenty-1.9.jar"
      },
      {
        "signature": "sha256:dd483d508f4fe973530231147b02ddc6b6c37f55c49033c72cbdf6ba02344ade",
        "filename": "metallurgycore-4.0.4.18.jar"
      },
      {
        "signature": "sha256:e1a065e56d74a2bc6db90865ea6e3a4124d3c1ba4be5b5da6acb395ffc732d5b",
        "filename": "compactsolars-4.4.39.315.jar"
      },
      {
        "signature": "sha256:b0d5758c5c9bea894eccd74210cfc9d68eb1384806161d2394e726f1352defe1",
        "filename": "computercraft-1.73.jar"
      },
      {
        "signature": "sha256:e02b6d72a56b2b4a132e8f7ca0b63f8d3bd3a7d1788631ef950e838005b3d2eb",
        "filename": "thermalfoundation-1.0.0.81.jar"
      },
      {
        "signature": "sha256:a9e5f3b49fcac4f899fb508435edb112881668860023006cd84020410557a1fe",
        "filename": "thaumcraftmobaspects-2A.jar"
      },
      {
        "signature": "sha256:c023c00cd531887b45c8d2650559159510a192fc0f016f769b1cc492d8c47810",
        "filename": "[1.7.10]bspkrsCore-universal-6.16.jar"
      },
      {
        "signature": "sha256:3fa387aeacbac161d2497efb841f60752b2ef053a942dbf4476e9d72448c6cd7",
        "filename": "minemenu-1.2.0.b44.jar"
      },
      {
        "signature": "sha256:1c7058a0a7b3734559ba77df8b3e40fa01255b582480f8d4a4376c52ce8733b2",
        "filename": "projectred-compat-4.6.1.80.jar"
      },
      {
        "signature": "sha256:8cbbcb7a88310f6ac1bb99ce6dc0f931302a1837da847d024ec6694a0ede3bb0",
        "filename": "industrialcraft2-2.2.726.jar"
      },
      {
        "signature": "sha256:8a6a8a6f77c1a4fc1769bf4370c5a7cdd745593b951657843ffdcdf20ff90c0c",
        "filename": "jabba-1.2.1a.jar"
      },
      {
        "signature": "sha256:05f35a6e4e1d9057567b31eff986ce52895ae5f5b406d0f2ff57de884ea0ade1",
        "filename": "factorization-0.8.88.7.jar"
      },
      {
        "signature": "sha256:57e68a303740e7b09ee05ed1fd6da342a1c2dc7d3f14ae283d71cbd35673f7b6",
        "filename": "animationapi-1.2.4.jar"
      },
      {
        "signature": "sha256:b3b181ce2336f348d7ae9f1b0e267d8aaa0e52c5c11e7c9aaa7d95cea8cfc236",
        "filename": "MrTJPCore-1.0.7.14-universal.jar"
      },
      {
        "signature": "sha256:cdf1427b94320301d9b26911c483cf9fe1f612614ad809137cb123ff681bea89",
        "filename": "damageindicatorsmod-3.2.3.jar"
      },
      {
        "signature": "sha256:1f5a2bd90509f7df8a9ba71655d8719d3f01ff377e9c09ce401504781b745ff5",
        "filename": "statuseffecthud-1.27.jar"
      },
      {
        "signature": "sha256:5b4cb8e856b41025913aeebd2bae73a16537bf85db2360bf56fadfb16b51ddc2",
        "filename": "am2-1.4.0.008.jar"
      },
      {
        "signature": "sha256:389ce396622233c384b50a2fac6d0f06e1919d891b1fdf6e7e36ff51b21e3c1b",
        "filename": "immibis-microblocks-59.1.0.jar"
      },
      {
        "signature": "sha256:8772f727448b8c68785331ae051cb5d80ac6ade14b36646eed101f621356b1b1",
        "filename": "openeye-0.6.jar"
      },
      {
        "signature": "sha256:656267cc5c84631f000d4a8b1f3a92efb91d87cedd783a1c3ca14bef724e7a02",
        "filename": "CodeChickenLib-1.7.10-1.1.3.136-universal.jar"
      },
      {
        "signature": "sha256:f02ba7b8ea0cd5736acd10e2aa89429a8ef9dbd0d0f664f2b77618981b1761da",
        "filename": "appliedenergistics2-2.3.jar"
      }
    ],
    "addedSignatures": [
      "sha256:d64560120f070b86caf95a9fdeb470abd26076fe0a433239edda100a79662606",
      "sha256:d9c3609317bd1e9809d2e7830e863a0c7a50d0831b78333273a2c980d5e64fc6",
      "sha256:b87e38bd244491fc46d34d5338145e54a25b21309d311111476e8117bb1a8de4",
      "sha256:527e39b2b9ff5351cb17635bd1d0bfce0527fe0828b6074b8d680e73d87c6fbd",
      "sha256:a4f5b92687b741d4ac3474b7ed7027fab6db3bde55abf417f0b23f32aac72603",
      "sha256:b8e02b860c86cce3b4efac4c447a3bb99eb2f3f16f4f0b5ec4dcd1fbd5e3c83f",
      "sha256:e1a065e56d74a2bc6db90865ea6e3a4124d3c1ba4be5b5da6acb395ffc732d5b",
      "sha256:9d22a1b958cdf8f09fb8eeb0654c085abb7deea4c1a2405177bd50bb9a3e4820",
      "sha256:d5448c9f42a2d62ecde991da3eae923e50d1b9f004b5aec6ed297b7140a77297",
      "sha256:b54753c17f9816cdd165415f2d2b1cdcda9efff0d55bdcc7ef59e1c99a1d0fec",
      "sha256:b0d5758c5c9bea894eccd74210cfc9d68eb1384806161d2394e726f1352defe1",
      "sha256:660d0e7e4aad60f5a3cb6e6b7b99e63a4bd7de925921b6292aa62e62f21028ab",
      "sha256:e332375d206242bafc6f7935417f551879b41e58c693077fc3acbf9676872848",
      "sha256:76905f92f829a960500ebe038924290e2757930102963920a3a347922c3402cf",
      "sha256:c0dafe3ac28f31265c02b6975b8f31f6981c42902cd8d7eb32b5414012027dbe",
      "sha256:2ccb4d6cf908c50b7b1984dcbdded597903169fabd572fdf6895100f89d8cdc5",
      "sha256:e579cd7714f6fd67024c1b45dcc32654838dfb57efb7394d1d73891c61a73721",
      "sha256:997747c91a691f143ac7a6ccf978eb07ffc4f8a9c4b42c8bec9d363506006cd4",
      "sha256:8f7e1489353f07063ad23b827c39a1e74ce8c1da80be37f9cccaa8d181ffa4aa",
      "sha256:de1825ac57edc1ba31f1104e7b8ae0681a0410c2ca61095b6b4a22ec3a95cae3",
      "sha256:d66851394ccb3458246f8375f2153b548f12b40980c11d73c3f1a416e73906a2",
      "sha256:133c2ae334381fe46914f0b6b432ed254f6f953fe60db8b28f790d69386fb1a1",
      "sha256:f7cd78f9ad90cc311af1d36eff6b34d828092a34aa1c89564a46323d8b20d948",
      "sha256:bfb3d413e67222c146a82e0e53a96024424c50a543655bbe0e4395a16046b4ff",
      "sha256:c5f93519168f95e78bceaafbc8cd5a9a083e0d70d5ece07289f32941a6295017",
      "sha256:452c6277f50d8dff91fee60591f694404932376f910e4c31da61c0e3c321b90c",
      "sha256:05f35a6e4e1d9057567b31eff986ce52895ae5f5b406d0f2ff57de884ea0ade1",
      "sha256:e02b6d72a56b2b4a132e8f7ca0b63f8d3bd3a7d1788631ef950e838005b3d2eb",
      "sha256:6895ef5ebe6f50bc5e114a843583aea725321d86f46adea39561e73774fade94",
      "sha256:3fa387aeacbac161d2497efb841f60752b2ef053a942dbf4476e9d72448c6cd7",
      "sha256:ea78fbc26bc2ae6114b8045c3bc34a389e51a7add3433b47abbc25301a5adffd",
      "sha256:4bf193e3b9a91bceef65e82f6a27ee5c050d29552ef7e1606f222a79571fc44e",
      "sha256:7751eb688c04b78182317d27241009d938d6ebe15633c430e955a9bd1e19e429",
      "sha256:699cc5740e31bf67b0ed12a840f7687c02e0a41cb1928c172343690107e72d31",
      "sha256:c023c00cd531887b45c8d2650559159510a192fc0f016f769b1cc492d8c47810",
      "sha256:7135209ae9d41c778590bb77800d6596f438780b6e90f2eed7c31696063a53c0",
      "sha256:b09b1d2e5633d9b075c85369a128421b123c8fe2ac3cd37a1843dc5c979b0e71",
      "sha256:24bd4dad587d9863451805a42cd8882a0837792e5529982acf67e02d00aea6b4",
      "sha256:534313028fe05f39cffee217f385e222cf17ed258a95292d25982248f20d0193",
      "sha256:8e667743494f0828b64bc07e8ba3052244ef9f16553a88935c7331bee9417550",
      "sha256:8bb480ee6f4fbd84348405755e2203b3a3eba5f6c912f3ab063596bb0c04f62e",
      "sha256:388e44ae199bd3efb39ed23578f45d00c1e5b490c7ca8d7bc5234671328a5cb5",
      "sha256:664e4e72dd046fb87400a5f357e5d46c409b812cbb73f237cdb337fd9c13a132",
      "sha256:cdf1427b94320301d9b26911c483cf9fe1f612614ad809137cb123ff681bea89",
      "sha256:f44ba00f9ab5f399a534784b054d42228812fa48d413314cdc3680c642c9f16b",
      "sha256:1d438b10a9b986c05a13824d1e2290bcb2b0c2a190fc34254262921843930316",
      "sha256:c00fa1f72440f8ec8f893790f64c9cd1e93dd5f09672f19b5dc8fcfdbfbeab20",
      "sha256:a985c0712e195bef958d94fb74e3f5132398caa46a1b727faeda9baad6ab8784",
      "sha256:389ce396622233c384b50a2fac6d0f06e1919d891b1fdf6e7e36ff51b21e3c1b",
      "sha256:b316d93f50e87551a7e29d1267dd3bd41e5eb40cb8381d5ae004d746a6a850fe",
      "sha256:9dc3e321976e65b4cb2fe8c476e5547b0c677ec646d0c49ac6d8557a52fb8249",
      "sha256:44206475f3f8bdf65de285c88f2d8e1e09db358f8b3aa027a186e12792a03e98",
      "sha256:8fc6177bc6d9757df16b84853268f6b8981bde2d0123b4106b8849c09fde7839",
      "sha256:a300fcf2c43ab26eb1eb380a13efdcc6c1c46f0a502da219a4b58337df52ef7b",
      "sha256:914dab886336ed539e3b615b3c2a1a895f80655a47e355800619e61be62ab079",
      "sha256:7bdf5210ae0f2fa3536bc5c04bb510238946c2a7f2b8a2c2d18d2271056393eb",
      "sha256:656267cc5c84631f000d4a8b1f3a92efb91d87cedd783a1c3ca14bef724e7a02",
      "sha256:69475fa652992066d3a5a3fdf2e7706f7ecee99e0fbcf54c367d4b5f883d7e25",
      "sha256:68c331f624cea6c0827a31e96a6dce2e75461227c42da70f11ba765a8c6a8cec",
      "sha256:1c7058a0a7b3734559ba77df8b3e40fa01255b582480f8d4a4376c52ce8733b2",
      "sha256:3561c13b3e7eb180c06c6bfda1a94a7e783ff88ebceda5a4849f7396bd2116e3",
      "sha256:f02ba7b8ea0cd5736acd10e2aa89429a8ef9dbd0d0f664f2b77618981b1761da",
      "sha256:e146afa8d859febbf6ee6fb81db0d6602407f10f8c6a2bf095979f88aac7c7b7",
      "sha256:c5e7c29bd9bec8f606ba6fa224ef0285e3c6fa24770c0b5116e15086cac0eef3",
      "sha256:4401d5c1f3e803a820a6a0a25b2bbd634e58a5c10a98afc206a81e1d8bfc25f8",
      "sha256:dd483d508f4fe973530231147b02ddc6b6c37f55c49033c72cbdf6ba02344ade",
      "sha256:a59a4003f162c10058206f0fd5ec05e4d1030e8fbda230f6f0b42db703c16371",
      "sha256:b1aaa95fe8454fa3fff3dd86be00a834c747d657579cdc6686efc853e061d611",
      "sha256:2412799f9426ec73d95e2fcb40a93a355afe1a47462c57bea74556a9a4374b34",
      "sha256:32b61ab5db735d01b112585fd0db7b5968ce2f34a8654d7de5c6a49165bed73a",
      "sha256:26e99ec3bd61d4d7e1deb3d255c6e39c7d3febebcaa6caebdaf052c6fae2104c",
      "sha256:df0648753fd3dec907d05bbf6818145c511e8fe2f188cb4054e04898b91ddee8",
      "sha256:3a4c71f4f91984f8749353d18b1daacf3d1cd7aa87ac378b2d7aaac7535e8ddd",
      "sha256:cc72f38535b8a41c39a631da4bc05ca338fb3c9f96700b9194a6a31741bd9bc2",
      "sha256:a114cd3b5fac50f31e43189546a50e390027e5ef770d81427b9fd5ebdbafdf72",
      "sha256:56d83821f7733f17b966024b8ce1e2dff652e5f40f170cbb83e8989ea0827d37",
      "sha256:8cbbcb7a88310f6ac1bb99ce6dc0f931302a1837da847d024ec6694a0ede3bb0",
      "sha256:57e68a303740e7b09ee05ed1fd6da342a1c2dc7d3f14ae283d71cbd35673f7b6",
      "sha256:ee7840eb553b850bdb32ed5be6194936f02f2cb2c9b915e4996312ec4a812588",
      "sha256:3536696a4ec1c9552d2118be33a328df8d3034d0dd67439f55a26d6a660059d7",
      "sha256:d5c8842f9332d49d18d7d6f6b7b395d106fce08b2aec0ad5133c618463fba21b",
      "sha256:f1771b83f19a344f0e7025b2c51437203d7d0a200279ab0d6e12be40124ed612",
      "sha256:35e007551dc19dbcded8a0476e0cff20d34b42f4b71273772ac1b8382dd245c2",
      "sha256:1f5a2bd90509f7df8a9ba71655d8719d3f01ff377e9c09ce401504781b745ff5",
      "sha256:68f9d5fa65b966469d6d030a2f525d958d43cfd250b2ed9f6b1bff244c96117a",
      "sha256:5b4cb8e856b41025913aeebd2bae73a16537bf85db2360bf56fadfb16b51ddc2",
      "sha256:f052bebd676b76d7803184166ddfe49cacd0a3b9834d5149de9509575b70b111",
      "sha256:85faa2ce2e0108883c8ea717f7c2c626fd5c84a63294b7695167e34cabb6f48c",
      "sha256:547eec9048f84dfa42938962497427f4da5f9054122a6f301bd17d58ab364732",
      "sha256:8772f727448b8c68785331ae051cb5d80ac6ade14b36646eed101f621356b1b1",
      "sha256:abd967fb5a11e9af0a5320be398656868b334a15101788130d84d30a2703341e",
      "sha256:86e15c88e8f6f8fa0be278f3c6d13cbdd0a1bb4270b21d06c4362a53f78a6612",
      "sha256:3dba9786966974701578a658d1bb369bf35bdf5f363079f5ac9c4910a39113be",
      "sha256:9bb96584505aae1c16ce93f61ca68ee75bc7d59543ea9f13c221ff9305fc6f68",
      "sha256:9fd158b30d8efe4ec32563cb7102c864928afcfe7b71ef2a0ce343e4f987cf88",
      "sha256:1558db586bc210104a1fcd4166818120471cd04413c3d349fa0853f97da79968",
      "sha256:776baa68d1783f03902703fbd6367ec705592543dc132281c74830b02f0098fd",
      "sha256:44423d7c43bde9274e1dbc1b00d6bd14ec7cb2572326eeefa9c6dd6fab47930b",
      "sha256:8a6a8a6f77c1a4fc1769bf4370c5a7cdd745593b951657843ffdcdf20ff90c0c",
      "sha256:16258f059e80e06de21d3a06fd552711e517d6eb9bd2f9496a5bc00f0822111b",
      "sha256:221893681d03781a1691308efe07847f323e5a0e735995c2f6b5a17f40b413fd",
      "sha256:d725e8600879defd415474dbf7276a88bfc10fa3373d613a5b4c7ed264d4b0a6",
      "sha256:1733aa799020701f7675016fadb8ea2eeb59961533f1ad19b0f46e4053cf2d5d",
      "sha256:65b8b50d8e7201f920faa6bfb9edbe106c36630a09a50696fe52ed3fdcfd5cc2",
      "sha256:838798efd7d1355054b5caac17f390a405b153c1598e18b342a24f72877cdfe2",
      "sha256:6b1ade3a21b29bf1f5ed385734735f0f4e998f7f00ea398462aa2644686b7b1b",
      "sha256:a9e5f3b49fcac4f899fb508435edb112881668860023006cd84020410557a1fe",
      "sha256:898656c11dd01574ce9ed211643700446756dbc222116928b9e13090720024a6",
      "sha256:7c3b02c40ccc07de16b442314c3ce1e793abebbc639a921f4c9b4d087cc33692",
      "sha256:476998388952a1335249dc8d4709989c082cfc8899a0c781b11efaecf732029b",
      "sha256:d9531a52ee8c926da3dba2380de068a91c227f23e527d022eba46eb4a175b3e2",
      "sha256:b3b181ce2336f348d7ae9f1b0e267d8aaa0e52c5c11e7c9aaa7d95cea8cfc236",
      "sha256:05ae8f11b8f9012ebebbf179227b010829739c6284e30da5dd3db220ee682f8a",
      "sha256:3126bd1fb8a22e52078b16d984fd9ffdace5ce7da916cf2ce64e798641bc02d6",
      "sha256:9e0b19e0afd1520b6fefb198adae854eb7fbf50fc8ce2271cafdd31f880d7f02",
      "sha256:cf9e8e2ee6d66db00411cee923238b98ec67c377e4daf056953757034f6fe4e2",
      "sha256:741cf706b370de5c039c431733dff5fee0280f3d3f39d00601a3d170bbba992e",
      "sha256:d6cf5a6ead61ec49cafc81d071434ec64573faa8a780fd7211af79f1e8d9f835",
      "sha256:7aeb6d77a24c96a05324ba22c34b5a682d468daf8adf3c8540136b417f4727f1",
      "sha256:d66784c42bd94867fbc990e212d5c334ae2439d6b7e9a856196b348b6591cee2"
    ],
    "removedSignatures": [],
    "workTime": 4700717.5,
    "language": "n/a",
    "locale": "en_US",
    "timezone": "America/Los_Angeles",
    "branding": [
      "Minecraft 1.7.10",
      "MCP v9.05",
      "FML v7.10.99.99",
      "Minecraft Forge 10.13.3.1408",
      "149 mods loaded, 149 mods active"
    ],
    "runtime": {
      "mcp": "MCP v9.05",
      "fml": "7.10.99.99",
      "forge": "10.13.3.1408"
    },
    "minecraft": "Minecraft 1.7.10",
    "javaVersion": "Oracle Corporation 1.8.0_31",
    "side": "server",
    "obfuscated": true,
    "type": "analytics"
  }
]